people_id,first_name,last_name,gender,age,designation,address
1,Samuel,Maddox,M,32,CEO,"3920 Nancy Radial Apt. 352
Allenton, MP 89259"
2,Shane,Huffman,M,33,Co Founder,"76446 Aaron Cliff
West Lisaland, DE 30313"
3,Philip,Wilson,M,31,COO,"06741 Fox Mountains
Lake Katherineside, PA 23955"
4,Frank,Guzman,F,29,Manager,"690 Baker Plaza
Alimouth, WV 96768"
5,Karl,Castro,M,27,CEO,"85942 Michelle Knolls
Riosland, OH 28923"
6,Robert,Hill,M,33,COO,"83952 Hampton Pass Suite 511
Perkinsmouth, MA 52782"
7,Andrew,Compton,F,38,CEO,"122 Rachel Mission Suite 876
Fordstad, AR 44113"
8,David,Blake,M,26,CEO,"5791 Campbell Neck
Ericberg, NV 23450"
9,Derek,Atkins,M,29,Manager,"5092 Williams Avenue
Aaronshire, IA 35476"
10,Vincent,Henry,F,34,Co Founder,"3792 Duncan Curve Apt. 534
Port Michaelton, ND 48149"
11,Robert,Moon,M,38,Entrepreneur,"279 Thomas Trafficway Apt. 553
Kathrynstad, MA 72006"
12,Mark,Garza,M,37,COO,"Unit 0954 Box 1240
DPO AP 01663"
13,Christopher,Miller,M,37,CEO,"432 Brian Mission Suite 670
Harrisview, NE 10566"
14,Sean,Valdez,F,38,Entrepreneur,"3482 Galloway Circles Apt. 563
North Wendy, LA 23986"
15,James,Salazar,M,25,Co Founder,"752 Willis Divide Suite 633
Port Misty, SC 07904"
16,Samuel,Young,M,39,CEO,"13590 Mosley Village
South Bethview, AL 84178"
17,John,Frederick,M,36,Manager,"2545 Stephanie View
Annbury, CA 88775"
18,Roger,Villanueva,F,29,COO,"070 Brandi Expressway Suite 575
North Debbie, MN 23005"
19,Michael,Davis,M,35,CEO,"34426 Christine Pass
Glennborough, WA 56529"
20,Jason,Suarez,M,38,Co Founder,"879 Sandra Isle Suite 746
Lucasfort, IN 74894"
21,Thomas,Wright,M,39,Entrepreneur,"2464 Mitchell Hill Apt. 896
Port Jeffrey, NH 90325"
22,Micheal,Miller,F,28,COO,"5376 Erika Isle Apt. 271
Port Kimberly, IL 45464"
23,Anthony,Murray,M,29,CEO,"8351 Ayala Cape
Micheletown, AR 60017"
24,James,King,M,33,COO,"6140 Ryan Manors
Jenniferfurt, MS 74249"
25,Nicholas,Taylor,M,33,COO,"50442 Hernandez Estates
Port Andrewport, NY 41984"
26,Joseph,Cox,M,30,Co Founder,"06805 Kevin Branch Suite 109
Lake Sarah, GA 62182"
27,Dr.,Michael,M,35,COO,"539 James Knolls Suite 897
South Peterburgh, WI 69777"
28,Willie,Garcia,M,26,CEO,"0420 Zimmerman Spurs
East William, ME 00915"
29,Marc,Brown,F,35,Entrepreneur,"2484 Kaufman Hill Suite 936
New Melaniefurt, MH 95009"
30,Christian,Huang,M,38,Co Founder,"6582 Adam Fall
North Kristaland, MT 32446"
31,Jesse,Lewis,M,25,COO,"73016 Vanessa Shoal Apt. 960
North Ricardo, WA 53301"
32,Joshua,Matthews,F,30,Entrepreneur,"556 Gonzales Field Suite 842
Kristaton, MD 08386"
33,Adrian,Watson,F,30,Entrepreneur,"9834 Bowen Mews Suite 508
Port Jennifer, LA 48604"
34,James,Stewart,M,32,COO,"85062 Felicia Lodge
North Heathertown, MA 63787"
35,John,Webb,M,32,Entrepreneur,"44222 Sara Centers Apt. 057
South Mary, IA 54794"
36,Ronald,Luna,M,34,Manager,"053 Reed Lodge Suite 332
Sarahmouth, MA 06565"
37,Carl,Burns,M,25,COO,"97769 Paul Common
Alexandermouth, SD 48682"
38,Andrew,Hicks,F,30,CEO,"72318 Ana Cliff Apt. 447
Lake Denise, MI 40556"
39,Aaron,Stanley,M,36,COO,"131 Ariel Ramp
New Kim, CA 08992"
40,Christopher,Medina,M,34,CEO,"699 Austin Trail
Matthewberg, SC 33538"
41,Carlos,Anderson,F,31,Entrepreneur,"304 Stephanie Terrace Suite 395
West Haileyton, WA 26226"
42,Kyle,Mills,M,37,Entrepreneur,"116 Alexis Path Apt. 786
New Tyler, GA 82717"
43,Richard,Burgess,M,28,Entrepreneur,"24279 Peter Ridges
North Melissa, FM 52698"
44,David,Sparks,M,28,Co Founder,"0649 Rebecca Passage Apt. 792
South Brianview, HI 84807"
45,Thomas,Williams,F,38,COO,"921 Gabrielle Knolls Suite 596
West Heatherton, PA 01159"
46,Henry,Mueller,M,32,CEO,"6192 Mcclure Ferry Apt. 954
Port Jesus, NM 12486"
47,Alan,Carr,F,36,Entrepreneur,"04341 Jennifer Run
East Kevin, GU 43182"
48,Douglas,Allen,F,29,CEO,"355 Singleton Trafficway Suite 121
Port Lonnieside, VT 65326"
49,Shawn,Schneider,M,26,Entrepreneur,"1016 Thomas View Suite 509
East Laura, WA 98507"
50,Charles,Sawyer,F,32,COO,"PSC 1258, Box 4688
APO AE 58094"
51,Kevin,Calderon,M,30,Co Founder,"197 Angel Ways
Jonesbury, OK 61995"
52,Thomas,Henry,F,37,CEO,"59409 Austin Well Apt. 031
Loriton, UT 10870"
53,Justin,Russell,F,26,Entrepreneur,"43301 Richard Viaduct Apt. 906
Kristinabury, LA 47602"
54,Alec,Prince,M,38,Manager,"170 Elliott Inlet
West Kelseyview, DE 41511"
55,Anthony,Freeman,F,25,CEO,"19037 Joseph Track Apt. 412
Danielland, AZ 51171"
56,Darrell,Johnson,M,38,COO,"9155 Suzanne Meadow Suite 689
Floresmouth, AZ 52769"
57,Cody,Michael,M,29,Entrepreneur,"804 Steele Circle Suite 757
Maddenport, GU 20863"
58,Larry,Johnson,M,39,Manager,"429 Kari Glen
South Frederick, AS 64251"
59,Jeremy,Miller,M,26,Co Founder,"3937 Howell Village Apt. 862
Rachelview, DC 56059"
60,Erik,Gonzalez,M,25,Manager,"156 Ashley Courts Apt. 263
South Susan, IN 71144"
61,Keith,Kramer,M,36,Entrepreneur,"2623 Daniel Path Apt. 250
Chapmanton, KS 02550"
62,Stanley,Hooper,F,31,Manager,"Unit 3239 Box 9573
DPO AA 49117"
63,Lawrence,Schmidt,F,27,Entrepreneur,"88551 Patterson Expressway Suite 368
West Tracy, SC 96708"
64,Clayton,Ortiz,M,37,Co Founder,"712 Garza Circles Apt. 228
Vanessashire, MA 36947"
65,Alexander,Fletcher,F,26,Manager,"964 Shelia Pass
East Sarahfurt, NV 28998"
66,Michael,Green,M,26,CEO,"1415 Cole Avenue Apt. 753
Starkville, IL 06452"
67,Richard,Mcdaniel,F,32,Manager,"18591 Hayes Knoll Apt. 316
Reginaborough, PA 46592"
68,Joe,Mueller,M,31,CEO,"01260 Hunt Shores Suite 579
Garciaton, NH 60368"
69,John,Mitchell,M,28,CEO,"407 Joseph Parkway Apt. 416
East Courtneyborough, AK 85777"
70,Anthony,Rivera,F,33,COO,"529 Martinez Crossroad Suite 610
North Joe, AK 04924"
71,Joseph,Marks,M,34,CEO,"01421 Raymond River
Andrewview, VA 14129"
72,Patrick,Moore,M,34,Manager,"5592 Frank Expressway Apt. 413
Richside, MA 08181"
73,Jonathan,Alvarado,M,32,Entrepreneur,"PSC 7409, Box 1842
APO AP 13549"
74,Darren,Hamilton,M,30,Entrepreneur,"10827 Mark Knoll
New Todd, DC 43057"
75,Christopher,Ross,M,36,Manager,"8282 Teresa Throughway
Brianashire, NE 73640"
76,Phillip,Atkins,M,35,CEO,"Unit 5675 Box 1825
DPO AE 47801"
77,Lucas,Mcmillan,M,38,CEO,"29006 Angela Overpass
Heatherville, PR 13215"
78,Roger,Trevino,M,35,Entrepreneur,"71819 Evans Canyon
Lake Ricardoland, OH 57351"
79,Curtis,Miller,M,25,Co Founder,"5011 Michelle Ferry
New Johnberg, DE 97450"
80,Jason,Jones,M,30,Co Founder,"5716 Henry Springs Suite 341
Baldwintown, NM 18603"
81,Brian,Coleman,M,34,Manager,"24213 Anne Island
Bradymouth, FM 54907"
82,Steven,Blanchard,M,35,Co Founder,"8247 Christopher Trail Suite 262
East Derek, CA 37002"
83,Matthew,Sanchez,M,33,CEO,"88378 Sally Island
Lake Janetfort, LA 21809"
84,Matthew,Lawrence,M,25,CEO,"5419 Danielle Mill Suite 515
Michaelmouth, OR 71222"
85,Joshua,Flowers,M,30,COO,"PSC 0661, Box 4132
APO AA 98686"
86,Michael,Moore,M,37,Co Founder,"82754 Stanley Stravenue Apt. 535
Richardport, FM 10120"
87,Matthew,Gardner,F,38,Manager,"77416 Nichols Bridge Apt. 523
Elizabethville, MH 35986"
88,James,Baird,M,27,CEO,"10856 Oneal Route
Hannahberg, SC 48511"
89,Mark,Stokes,M,33,CEO,"5144 Carpenter Estate Suite 310
East Regina, VA 40249"
90,Matthew,Morales,M,39,COO,"51030 Green Track Apt. 707
East Debrachester, HI 38768"
91,David,George,M,38,CEO,"39589 Jessica Stream Suite 853
Nathanfort, MH 37971"
92,Jerry,Jimenez,F,31,COO,"434 Booth Valleys Suite 193
Thomasmouth, ME 45877"
93,Steven,Rivera,F,38,COO,"PSC 2023, Box 8789
APO AE 95292"
94,Joel,Carter,M,33,Entrepreneur,"539 Erica Trafficway Apt. 058
Dustinstad, IN 34565"
95,Nicholas,Davis,M,35,Entrepreneur,"9204 Amy Crossing Apt. 416
New Scott, FM 96449"
96,Raymond,Bailey,F,33,Manager,"2689 Alexander Trafficway Apt. 815
Port Roberta, AZ 69613"
97,Anthony,Nash,M,26,Entrepreneur,"3356 Kyle Shoals
Carriemouth, KS 84088"
98,Kelly,Smith,M,30,Entrepreneur,"558 Davis Locks
Jamesport, NJ 37063"
99,Logan,Cherry,M,36,Manager,"1575 Bryce Centers
Madisontown, AL 82946"
100,Steven,Pitts,F,36,Manager,"411 Selena Glen Suite 171
Watersfurt, WA 01989"
